strategy_name,timestamp,gpu_index,util_compute_pct,util_memory_pct,mem_used_mib,mem_total_mib,power_w,temperature_c
baseline_full_fp16_tp1,1782479567.191877,1,0.0,0.0,274.375,32768.0,21.963,24.0
baseline_full_fp16_tp1,1782479568.1946034,1,0.0,0.0,274.375,32768.0,22.423,24.0
baseline_full_fp16_tp1,1782479569.196515,1,0.0,0.0,274.375,32768.0,21.948,24.0
baseline_full_fp16_tp1,1782479570.1985736,1,0.0,0.0,274.375,32768.0,21.963,24.0
baseline_full_fp16_tp1,1782479571.2003314,1,0.0,0.0,274.375,32768.0,21.919,24.0
baseline_full_fp16_tp1,1782479572.2044995,1,0.0,0.0,274.375,32768.0,21.948,24.0
baseline_full_fp16_tp1,1782479573.206685,1,0.0,0.0,274.375,32768.0,21.963,24.0
baseline_full_fp16_tp1,1782479574.2090914,1,0.0,0.0,274.375,32768.0,22.408,24.0
baseline_full_fp16_tp1,1782479575.211639,1,0.0,0.0,274.375,32768.0,21.919,24.0
baseline_full_fp16_tp1,1782479576.214762,1,0.0,0.0,274.375,32768.0,22.423,24.0
baseline_full_fp16_tp1,1782479577.2170913,1,0.0,0.0,274.375,32768.0,22.438,25.0
baseline_full_fp16_tp1,1782479578.2199202,1,0.0,0.0,274.375,32768.0,22.423,25.0
baseline_full_fp16_tp1,1782479579.2224998,1,0.0,0.0,274.375,32768.0,22.423,25.0
baseline_full_fp16_tp1,1782479580.2249823,1,0.0,0.0,274.375,32768.0,22.423,25.0
baseline_full_fp16_tp1,1782479581.2332165,1,0.0,0.0,274.375,32768.0,22.423,25.0
baseline_full_fp16_tp1,1782479582.2353997,1,0.0,0.0,274.375,32768.0,22.408,25.0
baseline_full_fp16_tp1,1782479583.2379522,1,0.0,0.0,274.375,32768.0,22.423,25.0
baseline_full_fp16_tp1,1782479584.243584,1,0.0,0.0,274.375,32768.0,22.423,25.0
baseline_full_fp16_tp1,1782479585.2455804,1,0.0,0.0,274.375,32768.0,22.408,25.0
baseline_full_fp16_tp1,1782479586.2476954,1,0.0,0.0,274.375,32768.0,22.423,26.0
baseline_full_fp16_tp1,1782479587.249247,1,0.0,0.0,274.375,32768.0,22.423,25.0
baseline_full_fp16_tp1,1782479588.2507753,1,0.0,0.0,274.375,32768.0,22.423,25.0
baseline_full_fp16_tp1,1782479589.25235,1,0.0,0.0,274.375,32768.0,22.408,25.0
baseline_full_fp16_tp1,1782479590.2540147,1,0.0,0.0,274.375,32768.0,22.423,25.0
baseline_full_fp16_tp1,1782479591.2562516,1,0.0,0.0,274.375,32768.0,22.408,25.0
baseline_full_fp16_tp1,1782479592.2586844,1,0.0,0.0,274.375,32768.0,22.438,25.0
baseline_full_fp16_tp1,1782479593.2603912,1,0.0,0.0,274.375,32768.0,22.438,25.0
baseline_full_fp16_tp1,1782479594.2621498,1,0.0,0.0,274.375,32768.0,22.423,25.0
baseline_full_fp16_tp1,1782479646.0082324,1,0.0,0.0,274.375,32768.0,21.963,24.0
baseline_full_fp16_tp1,1782479647.0109715,1,0.0,0.0,274.375,32768.0,21.948,24.0
baseline_full_fp16_tp1,1782479648.0134697,1,0.0,0.0,274.375,32768.0,21.919,24.0
baseline_full_fp16_tp1,1782479649.0154114,1,0.0,0.0,274.375,32768.0,22.423,24.0
baseline_full_fp16_tp1,1782479650.028151,1,0.0,0.0,274.375,32768.0,21.919,24.0
baseline_full_fp16_tp1,1782479651.0298758,1,0.0,0.0,274.375,32768.0,22.408,25.0
baseline_full_fp16_tp1,1782479652.0322104,1,0.0,0.0,274.375,32768.0,22.408,25.0
baseline_full_fp16_tp1,1782479653.0346606,1,0.0,0.0,274.375,32768.0,22.408,25.0
baseline_full_fp16_tp1,1782479654.0363107,1,0.0,0.0,274.375,32768.0,22.393,25.0
baseline_full_fp16_tp1,1782479655.0379937,1,0.0,0.0,274.375,32768.0,22.408,25.0
baseline_full_fp16_tp1,1782479656.0399122,1,0.0,0.0,274.375,32768.0,22.408,25.0
baseline_full_fp16_tp1,1782479657.0435436,1,0.0,0.0,274.375,32768.0,22.408,25.0
baseline_full_fp16_tp1,1782479658.0460598,1,0.0,0.0,274.375,32768.0,22.438,25.0
baseline_full_fp16_tp1,1782479659.0481021,1,0.0,0.0,274.375,32768.0,22.423,25.0
baseline_full_fp16_tp1,1782479660.051596,1,0.0,0.0,274.375,32768.0,22.423,25.0
baseline_full_fp16_tp1,1782479661.0536447,1,0.0,0.0,274.375,32768.0,22.423,26.0
baseline_full_fp16_tp1,1782479662.05557,1,0.0,0.0,274.375,32768.0,22.423,26.0
baseline_full_fp16_tp1,1782479663.0582838,1,0.0,0.0,274.375,32768.0,22.408,26.0
baseline_full_fp16_tp1,1782479664.0606954,1,0.0,0.0,274.375,32768.0,22.423,26.0
baseline_full_fp16_tp1,1782479665.0622423,1,0.0,0.0,274.375,32768.0,22.408,26.0
baseline_full_fp16_tp1,1782479714.9137306,1,0.0,0.0,274.375,32768.0,22.438,24.0
baseline_full_fp16_tp1,1782479715.9157186,1,0.0,0.0,274.375,32768.0,22.438,24.0
baseline_full_fp16_tp1,1782479716.91827,1,0.0,0.0,274.375,32768.0,22.408,24.0
baseline_full_fp16_tp1,1782479717.9248252,1,0.0,0.0,274.375,32768.0,22.408,24.0
baseline_full_fp16_tp1,1782479718.9267666,1,0.0,0.0,274.375,32768.0,22.408,24.0
baseline_full_fp16_tp1,1782479719.928743,1,0.0,0.0,274.375,32768.0,22.423,24.0
baseline_full_fp16_tp1,1782479720.9305813,1,0.0,0.0,274.375,32768.0,22.408,25.0
baseline_full_fp16_tp1,1782479721.9330416,1,0.0,0.0,274.375,32768.0,22.408,25.0
baseline_full_fp16_tp1,1782479722.9346032,1,0.0,0.0,274.375,32768.0,22.408,26.0
baseline_full_fp16_tp1,1782479723.9362812,1,0.0,0.0,274.375,32768.0,22.408,26.0
baseline_full_fp16_tp1,1782479724.9379175,1,0.0,0.0,274.375,32768.0,22.408,26.0
baseline_full_fp16_tp1,1782479725.9404268,1,0.0,0.0,274.375,32768.0,22.423,26.0
baseline_full_fp16_tp1,1782479726.942128,1,0.0,0.0,274.375,32768.0,22.438,26.0
baseline_full_fp16_tp1,1782479727.9438794,1,0.0,0.0,274.375,32768.0,22.423,26.0
baseline_full_fp16_tp1,1782479728.9459207,1,0.0,0.0,274.375,32768.0,22.423,26.0
baseline_full_fp16_tp1,1782479729.9481344,1,0.0,0.0,274.375,32768.0,22.423,26.0
baseline_full_fp16_tp1,1782479780.5000951,1,0.0,0.0,274.375,32768.0,21.963,24.0
baseline_full_fp16_tp1,1782479781.5020685,1,0.0,0.0,274.375,32768.0,21.934,24.0
baseline_full_fp16_tp1,1782479782.504623,1,0.0,0.0,274.375,32768.0,22.423,24.0
baseline_full_fp16_tp1,1782479783.507029,1,0.0,0.0,274.375,32768.0,22.423,24.0
baseline_full_fp16_tp1,1782479784.5088997,1,0.0,0.0,274.375,32768.0,22.408,24.0
baseline_full_fp16_tp1,1782479785.5120726,1,0.0,0.0,274.375,32768.0,22.423,25.0
baseline_full_fp16_tp1,1782479786.5176659,1,0.0,0.0,274.375,32768.0,22.423,25.0
baseline_full_fp16_tp1,1782479787.5196893,1,0.0,0.0,274.375,32768.0,22.423,25.0
baseline_full_fp16_tp1,1782479788.5213835,1,0.0,0.0,274.375,32768.0,22.408,25.0
baseline_full_fp16_tp1,1782479789.5246954,1,0.0,0.0,274.375,32768.0,22.423,26.0
baseline_full_fp16_tp1,1782479790.5298967,1,0.0,0.0,274.375,32768.0,22.393,26.0
baseline_full_fp16_tp1,1782479791.5332658,1,0.0,0.0,274.375,32768.0,22.423,26.0
baseline_full_fp16_tp1,1782479792.5367064,1,0.0,0.0,274.375,32768.0,22.423,26.0
baseline_full_fp16_tp1,1782479793.5391936,1,0.0,0.0,274.375,32768.0,22.408,26.0
baseline_full_fp16_tp1,1782479794.5411556,1,0.0,0.0,274.375,32768.0,22.408,26.0
baseline_full_fp16_tp1,1782479795.543015,1,0.0,0.0,274.375,32768.0,22.408,26.0
baseline_full_fp16_tp1,1782479796.5452137,1,0.0,0.0,274.375,32768.0,22.408,26.0
baseline_full_fp16_tp1,1782479797.5470417,1,0.0,0.0,274.375,32768.0,22.423,26.0
baseline_full_fp16_tp1,1782479798.5493047,1,0.0,0.0,274.375,32768.0,22.408,26.0
baseline_full_fp16_tp1,1782479799.550941,1,0.0,0.0,274.375,32768.0,22.408,27.0
baseline_full_fp16_tp1,1782479800.5544412,1,0.0,0.0,274.375,32768.0,22.408,27.0
baseline_full_fp16_tp1,1782479801.5570505,1,0.0,0.0,274.375,32768.0,22.423,27.0
baseline_full_fp16_tp1,1782479802.5598989,1,0.0,0.0,274.375,32768.0,22.408,27.0
baseline_full_fp16_tp1,1782479803.5628316,1,0.0,0.0,274.375,32768.0,22.423,27.0
baseline_full_fp16_tp1,1782479804.564791,1,0.0,0.0,274.375,32768.0,22.408,27.0
baseline_full_fp16_tp1,1782479805.5679452,1,0.0,0.0,274.375,32768.0,22.408,27.0
baseline_full_fp16_tp1,1782479806.5710652,1,0.0,0.0,274.375,32768.0,22.408,26.0
baseline_full_fp16_tp1,1782479807.5735486,1,0.0,0.0,274.375,32768.0,22.408,27.0
baseline_full_fp16_tp1,1782479808.5759697,1,0.0,0.0,274.375,32768.0,22.408,26.0
baseline_full_fp16_tp1,1782479809.5784807,1,0.0,0.0,274.375,32768.0,22.423,26.0
baseline_full_fp16_tp1,1782479810.5805914,1,0.0,0.0,274.375,32768.0,22.408,27.0
baseline_full_fp16_tp1,1782479811.5822995,1,0.0,0.0,274.375,32768.0,22.408,26.0
baseline_full_fp16_tp1,1782479812.5848238,1,0.0,0.0,274.375,32768.0,22.408,26.0
baseline_full_fp16_tp1,1782479813.5865643,1,0.0,0.0,274.375,32768.0,22.408,26.0
baseline_full_fp16_tp1,1782479814.5886996,1,0.0,0.0,274.375,32768.0,22.408,26.0
baseline_full_fp16_tp1,1782479815.5902646,1,0.0,0.0,274.375,32768.0,22.408,26.0
baseline_full_fp16_tp1,1782479816.593756,1,0.0,0.0,274.375,32768.0,22.408,26.0
baseline_full_fp16_tp1,1782479817.5963025,1,0.0,0.0,274.375,32768.0,22.423,26.0
baseline_full_fp16_tp1,1782479818.5982628,1,0.0,0.0,274.375,32768.0,22.408,26.0
baseline_full_fp16_tp1,1782479819.6007686,1,0.0,0.0,274.375,32768.0,22.408,26.0
baseline_full_fp16_tp1,1782479820.6031156,1,0.0,0.0,274.375,32768.0,22.408,26.0
baseline_full_fp16_tp1,1782479821.606498,1,0.0,0.0,274.375,32768.0,22.408,26.0
baseline_full_fp16_tp1,1782479822.608379,1,0.0,0.0,274.375,32768.0,22.423,26.0
baseline_full_fp16_tp1,1782479823.6104918,1,0.0,0.0,274.375,32768.0,22.423,26.0
baseline_full_fp16_tp1,1782479824.6124046,1,0.0,0.0,274.375,32768.0,22.438,26.0
baseline_full_fp16_tp1,1782479825.6141293,1,0.0,0.0,274.375,32768.0,22.423,26.0
baseline_full_fp16_tp1,1782479826.6158128,1,0.0,0.0,274.375,32768.0,22.408,26.0
baseline_full_fp16_tp1,1782479827.6182032,1,0.0,0.0,274.375,32768.0,22.423,26.0
baseline_full_fp16_tp1,1782479828.6198912,1,0.0,0.0,274.375,32768.0,22.423,27.0
baseline_full_fp16_tp1,1782479829.6214197,1,0.0,0.0,274.375,32768.0,22.423,27.0
baseline_full_fp16_tp1,1782479830.6236594,1,0.0,0.0,274.375,32768.0,22.423,27.0
baseline_full_fp16_tp1,1782479831.6262157,1,0.0,0.0,274.375,32768.0,22.408,27.0
baseline_full_fp16_tp1,1782479832.6288085,1,0.0,0.0,274.375,32768.0,22.408,27.0
baseline_full_fp16_tp1,1782479833.6312048,1,0.0,0.0,274.375,32768.0,22.423,26.0
baseline_full_fp16_tp1,1782479834.633683,1,0.0,0.0,274.375,32768.0,22.408,26.0
baseline_full_fp16_tp1,1782479835.6361136,1,0.0,0.0,274.375,32768.0,22.423,26.0
baseline_full_fp16_tp1,1782479836.6386535,1,0.0,0.0,274.375,32768.0,22.423,26.0
baseline_full_fp16_tp1,1782479837.641186,1,0.0,0.0,274.375,32768.0,22.438,26.0
baseline_full_fp16_tp1,1782479838.6429226,1,0.0,0.0,274.375,32768.0,22.408,26.0
baseline_full_fp16_tp1,1782479839.6446404,1,0.0,0.0,274.375,32768.0,22.423,26.0
baseline_full_fp16_tp1,1782479840.6466644,1,0.0,0.0,274.375,32768.0,22.408,26.0
baseline_full_fp16_tp1,1782479841.6500542,1,0.0,0.0,274.375,32768.0,22.423,26.0
baseline_full_fp16_tp1,1782479842.653025,1,0.0,0.0,274.375,32768.0,22.423,26.0
baseline_full_fp16_tp1,1782479843.654805,1,0.0,0.0,274.375,32768.0,22.438,26.0
baseline_full_fp16_tp1,1782479844.6573734,1,0.0,0.0,274.375,32768.0,22.423,26.0
baseline_full_fp16_tp1,1782479894.4605854,1,0.0,0.0,274.375,32768.0,22.438,25.0
baseline_full_fp16_tp1,1782479895.4635587,1,0.0,0.0,274.375,32768.0,22.423,25.0
baseline_full_fp16_tp1,1782479896.4667518,1,0.0,0.0,274.375,32768.0,22.408,25.0
baseline_full_fp16_tp1,1782479897.474943,1,0.0,0.0,274.375,32768.0,22.408,25.0
baseline_full_fp16_tp1,1782479898.4771564,1,0.0,0.0,274.375,32768.0,22.408,25.0
baseline_full_fp16_tp1,1782479899.4792187,1,0.0,0.0,274.375,32768.0,22.408,25.0
baseline_full_fp16_tp1,1782479900.4843156,1,0.0,0.0,274.375,32768.0,22.438,26.0
baseline_full_fp16_tp1,1782479901.4869733,1,0.0,0.0,274.375,32768.0,22.408,26.0
baseline_full_fp16_tp1,1782479902.4907935,1,0.0,0.0,274.375,32768.0,22.408,26.0
baseline_full_fp16_tp1,1782479903.4957626,1,0.0,0.0,274.375,32768.0,22.423,26.0
baseline_full_fp16_tp1,1782479904.4979374,1,0.0,0.0,274.375,32768.0,22.408,26.0
baseline_full_fp16_tp1,1782479905.5016918,1,0.0,0.0,274.375,32768.0,22.408,26.0
baseline_full_fp16_tp1,1782479906.5056973,1,0.0,0.0,274.375,32768.0,22.408,26.0
baseline_full_fp16_tp1,1782479907.5076659,1,0.0,0.0,274.375,32768.0,22.408,26.0
baseline_full_fp16_tp1,1782479908.509688,1,0.0,0.0,274.375,32768.0,22.423,27.0
baseline_full_fp16_tp1,1782479909.5125425,1,0.0,0.0,274.375,32768.0,22.408,27.0
baseline_full_fp16_tp1,1782479910.514179,1,0.0,0.0,274.375,32768.0,22.408,27.0
baseline_full_fp16_tp1,1782479911.5176883,1,0.0,0.0,274.375,32768.0,22.393,27.0
baseline_full_fp16_tp1,1782479912.5201516,1,0.0,0.0,274.375,32768.0,22.408,27.0
baseline_full_fp16_tp1,1782479913.521641,1,0.0,0.0,274.375,32768.0,22.408,27.0
baseline_full_fp16_tp1,1782479914.523418,1,0.0,0.0,274.375,32768.0,22.408,27.0
baseline_full_fp16_tp1,1782479915.525301,1,0.0,0.0,274.375,32768.0,22.408,27.0
baseline_full_fp16_tp1,1782479916.528891,1,0.0,0.0,274.375,32768.0,22.423,27.0
baseline_full_fp16_tp1,1782479917.5311573,1,0.0,0.0,274.375,32768.0,22.393,28.0
baseline_full_fp16_tp1,1782479918.5327787,1,0.0,0.0,274.375,32768.0,22.408,28.0
baseline_full_fp16_tp1,1782479919.5343351,1,0.0,0.0,274.375,32768.0,22.408,28.0
baseline_full_fp16_tp1,1782479920.5365481,1,0.0,0.0,274.375,32768.0,22.423,28.0
baseline_full_fp16_tp1,1782479921.5387416,1,0.0,0.0,274.375,32768.0,22.423,28.0
baseline_full_fp16_tp1,1782479922.5411868,1,0.0,0.0,274.375,32768.0,22.408,27.0
baseline_full_fp16_tp1,1782479923.5428414,1,0.0,0.0,274.375,32768.0,22.423,27.0
baseline_full_fp16_tp1,1782479924.5451221,1,0.0,0.0,274.375,32768.0,22.408,27.0
baseline_full_fp16_tp1,1782479925.5471125,1,0.0,0.0,274.375,32768.0,22.423,27.0
baseline_full_fp16_tp1,1782479926.549705,1,0.0,0.0,274.375,32768.0,22.423,27.0
baseline_full_fp16_tp1,1782479927.5521278,1,0.0,0.0,274.375,32768.0,22.408,27.0
baseline_full_fp16_tp1,1782479928.5545135,1,0.0,0.0,274.375,32768.0,22.408,27.0
baseline_full_fp16_tp1,1782479929.556706,1,0.0,0.0,274.375,32768.0,22.408,27.0
baseline_full_fp16_tp1,1782479930.558545,1,0.0,0.0,274.375,32768.0,22.423,27.0
baseline_full_fp16_tp1,1782479931.560673,1,0.0,0.0,274.375,32768.0,22.408,27.0
baseline_full_fp16_tp1,1782479932.5631015,1,0.0,0.0,274.375,32768.0,22.423,27.0
baseline_full_fp16_tp1,1782479933.5647483,1,0.0,0.0,274.375,32768.0,22.423,27.0
baseline_full_fp16_tp1,1782479934.566659,1,0.0,0.0,274.375,32768.0,22.423,27.0
baseline_full_fp16_tp1,1782479935.5694087,1,0.0,0.0,274.375,32768.0,22.423,27.0
baseline_full_fp16_tp1,1782479936.571358,1,0.0,0.0,274.375,32768.0,22.423,26.0
baseline_full_fp16_tp1,1782479937.573593,1,0.0,0.0,274.375,32768.0,22.438,26.0
baseline_full_fp16_tp1,1782479938.5756829,1,0.0,0.0,274.375,32768.0,22.423,26.0
baseline_full_fp16_tp1,1782479939.5791326,1,0.0,0.0,274.375,32768.0,22.423,26.0
baseline_full_fp16_tp1,1782479940.5809975,1,0.0,0.0,274.375,32768.0,22.408,26.0
baseline_full_fp16_tp1,1782479941.5826962,1,0.0,0.0,274.375,32768.0,22.423,26.0
baseline_full_fp16_tp1,1782479942.58523,1,0.0,0.0,274.375,32768.0,22.423,26.0
baseline_full_fp16_tp1,1782479943.5869093,1,0.0,0.0,274.375,32768.0,22.423,26.0
baseline_full_fp16_tp1,1782479944.5890944,1,0.0,0.0,274.375,32768.0,22.408,26.0
baseline_full_fp16_tp1,1782479945.5927489,1,0.0,0.0,274.375,32768.0,22.423,26.0
baseline_full_fp16_tp1,1782479946.5949478,1,0.0,0.0,274.375,32768.0,22.423,26.0
baseline_full_fp16_tp1,1782479947.5968459,1,0.0,0.0,274.375,32768.0,22.423,26.0
baseline_full_fp16_tp1,1782479948.599057,1,0.0,0.0,274.375,32768.0,22.423,26.0
baseline_full_fp16_tp1,1782479949.601517,1,0.0,0.0,274.375,32768.0,22.423,27.0
baseline_full_fp16_tp1,1782479950.603573,1,0.0,0.0,274.375,32768.0,22.423,26.0
baseline_full_fp16_tp1,1782479951.6057122,1,0.0,0.0,274.375,32768.0,22.423,26.0
baseline_full_fp16_tp1,1782479952.6086857,1,0.0,0.0,274.375,32768.0,22.423,26.0
baseline_full_fp16_tp1,1782479953.6113675,1,0.0,0.0,274.375,32768.0,22.423,26.0
baseline_full_fp16_tp1,1782480003.471022,1,0.0,0.0,274.375,32768.0,22.438,25.0
baseline_full_fp16_tp1,1782480004.4732542,1,0.0,0.0,274.375,32768.0,22.408,25.0
baseline_full_fp16_tp1,1782480005.4753294,1,0.0,0.0,274.375,32768.0,22.408,25.0
baseline_full_fp16_tp1,1782480006.4803004,1,0.0,0.0,274.375,32768.0,22.408,25.0
baseline_full_fp16_tp1,1782480007.4828095,1,0.0,0.0,274.375,32768.0,22.408,25.0
baseline_full_fp16_tp1,1782480008.4874341,1,0.0,0.0,274.375,32768.0,22.408,26.0
baseline_full_fp16_tp1,1782480009.4898424,1,0.0,0.0,274.375,32768.0,22.408,26.0
baseline_full_fp16_tp1,1782480010.4920335,1,0.0,0.0,274.375,32768.0,22.423,26.0
baseline_full_fp16_tp1,1782480011.4938812,1,0.0,0.0,274.375,32768.0,22.408,26.0
baseline_full_fp16_tp1,1782480012.4955137,1,0.0,0.0,274.375,32768.0,22.438,26.0
baseline_full_fp16_tp1,1782480013.4980903,1,0.0,0.0,274.375,32768.0,22.408,26.0
baseline_full_fp16_tp1,1782480014.4998677,1,0.0,0.0,274.375,32768.0,22.423,26.0
baseline_full_fp16_tp1,1782480015.501513,1,0.0,0.0,274.375,32768.0,22.438,26.0
baseline_full_fp16_tp1,1782480016.5034344,1,0.0,0.0,274.375,32768.0,22.408,26.0
baseline_full_fp16_tp1,1782480017.505356,1,0.0,0.0,274.375,32768.0,22.423,26.0
baseline_full_fp16_tp1,1782480018.5072367,1,0.0,0.0,274.375,32768.0,22.408,26.0
baseline_full_fp16_tp1,1782480019.5089488,1,0.0,0.0,274.375,32768.0,22.423,26.0
baseline_full_fp16_tp1,1782480020.5105336,1,0.0,0.0,274.375,32768.0,22.408,26.0
baseline_full_fp16_tp1,1782480021.5120566,1,0.0,0.0,274.375,32768.0,22.423,26.0
baseline_full_fp16_tp1,1782480022.5142047,1,0.0,0.0,274.375,32768.0,22.438,27.0
baseline_full_fp16_tp1,1782480023.5161047,1,0.0,0.0,274.375,32768.0,22.438,26.0
baseline_full_fp16_tp1,1782480024.518118,1,0.0,0.0,274.375,32768.0,22.408,27.0
baseline_full_fp16_tp1,1782480025.5199206,1,0.0,0.0,274.375,32768.0,22.393,26.0
baseline_full_fp16_tp1,1782480026.5216627,1,0.0,0.0,274.375,32768.0,22.393,26.0
baseline_full_fp16_tp1,1782480027.5241497,1,0.0,0.0,274.375,32768.0,22.408,26.0
baseline_full_fp16_tp1,1782480028.5262213,1,0.0,0.0,274.375,32768.0,22.423,26.0
baseline_full_fp16_tp1,1782480029.528437,1,0.0,0.0,274.375,32768.0,22.423,26.0
baseline_full_fp16_tp1,1782480030.53069,1,0.0,0.0,274.375,32768.0,22.423,27.0
baseline_full_fp16_tp1,1782480031.533134,1,0.0,0.0,274.375,32768.0,22.408,27.0
baseline_full_fp16_tp1,1782480032.5356934,1,0.0,0.0,274.375,32768.0,22.408,27.0
baseline_full_fp16_tp1,1782480033.5380852,1,0.0,0.0,274.375,32768.0,22.423,27.0
baseline_full_fp16_tp1,1782480034.541043,1,0.0,0.0,274.375,32768.0,22.408,27.0
baseline_full_fp16_tp1,1782480035.54311,1,0.0,0.0,274.375,32768.0,22.423,27.0
baseline_full_fp16_tp1,1782480036.5446162,1,0.0,0.0,274.375,32768.0,22.408,27.0
baseline_full_fp16_tp1,1782480037.5470974,1,0.0,0.0,274.375,32768.0,22.423,27.0
baseline_full_fp16_tp1,1782480038.5489154,1,0.0,0.0,274.375,32768.0,22.423,27.0
baseline_full_fp16_tp1,1782480039.5504627,1,0.0,0.0,274.375,32768.0,22.423,27.0
baseline_full_fp16_tp1,1782480040.5525029,1,0.0,0.0,274.375,32768.0,22.423,27.0
baseline_full_fp16_tp1,1782480041.5549307,1,0.0,0.0,274.375,32768.0,22.408,27.0
baseline_full_fp16_tp1,1782480042.5573485,1,0.0,0.0,274.375,32768.0,22.423,27.0
baseline_full_fp16_tp1,1782480043.5589051,1,0.0,0.0,274.375,32768.0,22.423,27.0
baseline_full_fp16_tp1,1782480044.5618758,1,0.0,0.0,274.375,32768.0,22.423,27.0
baseline_full_fp16_tp1,1782480045.5642922,1,0.0,0.0,274.375,32768.0,22.423,27.0
baseline_full_fp16_tp1,1782480046.5664358,1,0.0,0.0,274.375,32768.0,22.423,27.0
baseline_full_fp16_tp1,1782480047.5682552,1,0.0,0.0,274.375,32768.0,22.423,26.0
baseline_full_fp16_tp1,1782480048.5706332,1,0.0,0.0,274.375,32768.0,22.423,26.0
baseline_full_fp16_tp1,1782480049.5729585,1,0.0,0.0,274.375,32768.0,22.423,26.0
baseline_full_fp16_tp1,1782480050.575554,1,0.0,0.0,274.375,32768.0,22.438,26.0
baseline_full_fp16_tp1,1782480051.5775084,1,0.0,0.0,274.375,32768.0,22.423,26.0
baseline_full_fp16_tp1,1782480052.5794854,1,0.0,0.0,274.375,32768.0,22.423,26.0
baseline_full_fp16_tp1,1782480053.581654,1,0.0,0.0,274.375,32768.0,22.423,26.0
baseline_full_fp16_tp1,1782480054.583571,1,0.0,0.0,274.375,32768.0,22.423,26.0
baseline_full_fp16_tp1,1782480055.5853975,1,0.0,0.0,274.375,32768.0,22.423,26.0
baseline_full_fp16_tp1,1782480056.588323,1,0.0,0.0,274.375,32768.0,22.423,26.0
baseline_full_fp16_tp1,1782480057.59104,1,0.0,0.0,274.375,32768.0,22.423,27.0
baseline_full_fp16_tp1,1782480058.5928912,1,0.0,0.0,274.375,32768.0,22.423,27.0
baseline_full_fp16_tp1,1782480059.5955014,1,0.0,0.0,274.375,32768.0,22.423,27.0
baseline_full_fp16_tp1,1782480060.5970678,1,0.0,0.0,274.375,32768.0,22.423,27.0
baseline_full_fp16_tp1,1782480110.859494,1,0.0,0.0,274.375,32768.0,22.438,25.0
baseline_full_fp16_tp1,1782480111.862061,1,0.0,0.0,274.375,32768.0,22.408,25.0
baseline_full_fp16_tp1,1782480112.864174,1,0.0,0.0,274.375,32768.0,22.408,25.0
baseline_full_fp16_tp1,1782480113.8683264,1,0.0,0.0,274.375,32768.0,22.408,25.0
baseline_full_fp16_tp1,1782480114.870962,1,0.0,0.0,274.375,32768.0,22.408,25.0
baseline_full_fp16_tp1,1782480115.8729167,1,0.0,0.0,274.375,32768.0,22.408,26.0
baseline_full_fp16_tp1,1782480116.8758605,1,0.0,0.0,274.375,32768.0,22.408,26.0
baseline_full_fp16_tp1,1782480117.878264,1,0.0,0.0,274.375,32768.0,22.408,26.0
baseline_full_fp16_tp1,1782480118.881548,1,0.0,0.0,274.375,32768.0,22.408,26.0
baseline_full_fp16_tp1,1782480119.8841977,1,0.0,0.0,274.375,32768.0,22.408,26.0
baseline_full_fp16_tp1,1782480120.8877783,1,0.0,0.0,274.375,32768.0,22.408,27.0
baseline_full_fp16_tp1,1782480121.889914,1,0.0,0.0,274.375,32768.0,22.423,27.0
baseline_full_fp16_tp1,1782480122.892649,1,0.0,0.0,274.375,32768.0,22.423,27.0
baseline_full_fp16_tp1,1782480123.8963573,1,0.0,0.0,274.375,32768.0,22.408,27.0
baseline_full_fp16_tp1,1782480124.9069867,1,0.0,0.0,274.375,32768.0,22.408,27.0
baseline_full_fp16_tp1,1782480125.9127676,1,0.0,0.0,274.375,32768.0,22.408,27.0
baseline_full_fp16_tp1,1782480126.9152396,1,0.0,0.0,274.375,32768.0,22.408,27.0
baseline_full_fp16_tp1,1782480127.9192562,1,0.0,0.0,274.375,32768.0,22.423,27.0
baseline_full_fp16_tp1,1782480128.9215968,1,0.0,0.0,274.375,32768.0,22.408,27.0
baseline_full_fp16_tp1,1782480129.924807,1,0.0,0.0,274.375,32768.0,22.408,27.0
baseline_full_fp16_tp1,1782480130.9272888,1,0.0,0.0,274.375,32768.0,22.408,27.0
baseline_full_fp16_tp1,1782480131.9294388,1,0.0,0.0,274.375,32768.0,22.438,27.0
baseline_full_fp16_tp1,1782480132.9313128,1,0.0,0.0,274.375,32768.0,22.423,27.0
baseline_full_fp16_tp1,1782480133.9337845,1,0.0,0.0,274.375,32768.0,22.408,27.0
baseline_full_fp16_tp1,1782480134.9363244,1,0.0,0.0,274.375,32768.0,22.438,27.0
baseline_full_fp16_tp1,1782480135.9379568,1,0.0,0.0,274.375,32768.0,22.423,27.0
baseline_full_fp16_tp1,1782480136.9397576,1,0.0,0.0,274.375,32768.0,22.408,27.0
baseline_full_fp16_tp1,1782480137.942014,1,0.0,0.0,274.375,32768.0,22.408,26.0
baseline_full_fp16_tp1,1782480138.9475534,1,0.0,0.0,274.375,32768.0,22.408,26.0
baseline_full_fp16_tp1,1782480139.949892,1,0.0,0.0,274.375,32768.0,22.408,26.0
baseline_full_fp16_tp1,1782480140.9525578,1,0.0,0.0,274.375,32768.0,22.423,26.0
baseline_full_fp16_tp1,1782480141.9550993,1,0.0,0.0,274.375,32768.0,22.408,27.0
baseline_full_fp16_tp1,1782480142.957392,1,0.0,0.0,274.375,32768.0,22.408,27.0
baseline_full_fp16_tp1,1782480143.9614286,1,0.0,0.0,274.375,32768.0,22.408,27.0
baseline_full_fp16_tp1,1782480144.9640672,1,0.0,0.0,274.375,32768.0,22.438,27.0
baseline_full_fp16_tp1,1782480145.9658165,1,0.0,0.0,274.375,32768.0,22.408,27.0
baseline_full_fp16_tp1,1782480146.9679258,1,0.0,0.0,274.375,32768.0,22.408,27.0
baseline_full_fp16_tp1,1782480147.9697409,1,0.0,0.0,274.375,32768.0,22.438,27.0
baseline_full_fp16_tp1,1782480148.9720628,1,0.0,0.0,274.375,32768.0,22.408,27.0
baseline_full_fp16_tp1,1782480149.9757757,1,0.0,0.0,274.375,32768.0,22.423,27.0
baseline_full_fp16_tp1,1782480150.9778264,1,0.0,0.0,274.375,32768.0,22.393,27.0
baseline_full_fp16_tp1,1782480151.9802651,1,0.0,0.0,274.375,32768.0,22.408,27.0
baseline_full_fp16_tp1,1782480152.9819944,1,0.0,0.0,274.375,32768.0,22.408,27.0
baseline_full_fp16_tp1,1782480153.9838073,1,0.0,0.0,274.375,32768.0,22.408,27.0
baseline_full_fp16_tp1,1782480154.9864457,1,0.0,0.0,274.375,32768.0,22.408,27.0
baseline_full_fp16_tp1,1782480155.9888916,1,0.0,0.0,274.375,32768.0,22.408,27.0
baseline_full_fp16_tp1,1782480156.992854,1,0.0,0.0,274.375,32768.0,22.408,27.0
baseline_full_fp16_tp1,1782480157.9954295,1,0.0,0.0,274.375,32768.0,22.408,27.0
baseline_full_fp16_tp1,1782480159.0032475,1,0.0,0.0,274.375,32768.0,22.423,27.0
baseline_full_fp16_tp1,1782480160.005698,1,0.0,0.0,274.375,32768.0,22.408,27.0
baseline_full_fp16_tp1,1782480161.0102959,1,0.0,0.0,274.375,32768.0,22.408,27.0
baseline_full_fp16_tp1,1782480162.0120025,1,0.0,0.0,274.375,32768.0,22.438,27.0
baseline_full_fp16_tp1,1782480163.0142379,1,0.0,0.0,274.375,32768.0,22.423,27.0
baseline_full_fp16_tp1,1782480164.0165422,1,0.0,0.0,274.375,32768.0,22.408,27.0
baseline_full_fp16_tp1,1782480165.0196583,1,0.0,0.0,274.375,32768.0,22.408,27.0
baseline_full_fp16_tp1,1782480166.022918,1,0.0,0.0,274.375,32768.0,22.423,27.0
baseline_full_fp16_tp1,1782480167.025119,1,0.0,0.0,274.375,32768.0,22.423,27.0
baseline_full_fp16_tp1,1782480168.0269084,1,0.0,0.0,274.375,32768.0,22.408,27.0
baseline_full_fp16_tp1,1782480169.0305362,1,0.0,0.0,274.375,32768.0,22.423,27.0
baseline_full_fp16_tp1,1782480170.0327518,1,0.0,0.0,274.375,32768.0,22.408,27.0
baseline_full_fp16_tp1,1782480171.0377607,1,0.0,0.0,274.375,32768.0,22.408,27.0
baseline_full_fp16_tp1,1782480172.040313,1,0.0,0.0,274.375,32768.0,22.408,27.0
baseline_full_fp16_tp1,1782480173.0427656,1,0.0,0.0,274.375,32768.0,22.393,27.0
baseline_full_fp16_tp1,1782480174.0446134,1,0.0,0.0,274.375,32768.0,22.423,27.0
baseline_full_fp16_tp1,1782480175.0466573,1,0.0,0.0,274.375,32768.0,22.423,28.0
baseline_full_fp16_tp1,1782480176.049101,1,0.0,0.0,274.375,32768.0,22.393,28.0
baseline_full_fp16_tp1,1782480177.0508034,1,0.0,0.0,274.375,32768.0,22.438,27.0
baseline_full_fp16_tp1,1782480178.0527575,1,0.0,0.0,274.375,32768.0,22.423,27.0
baseline_full_fp16_tp1,1782480179.0549026,1,0.0,0.0,274.375,32768.0,22.423,27.0
baseline_full_fp16_tp1,1782480180.0568888,1,0.0,0.0,274.375,32768.0,22.423,27.0
baseline_full_fp16_tp1,1782480181.0591047,1,0.0,0.0,274.375,32768.0,22.408,27.0
baseline_full_fp16_tp1,1782480182.064405,1,0.0,0.0,274.375,32768.0,22.408,27.0
baseline_full_fp16_tp1,1782480183.0713859,1,0.0,0.0,274.375,32768.0,22.408,27.0
baseline_full_fp16_tp1,1782480184.0763812,1,0.0,0.0,274.375,32768.0,22.408,27.0
baseline_full_fp16_tp1,1782480185.0785086,1,0.0,0.0,274.375,32768.0,22.423,27.0
baseline_full_fp16_tp1,1782480186.0805268,1,0.0,0.0,274.375,32768.0,22.423,27.0
baseline_full_fp16_tp1,1782480187.082439,1,0.0,0.0,274.375,32768.0,22.408,27.0
baseline_full_fp16_tp1,1782480188.0845852,1,0.0,0.0,274.375,32768.0,22.423,27.0
baseline_full_fp16_tp1,1782480189.0871406,1,0.0,0.0,274.375,32768.0,22.408,27.0
baseline_full_fp16_tp1,1782480190.0892787,1,0.0,0.0,274.375,32768.0,22.423,27.0
baseline_full_fp16_tp1,1782480191.0910153,1,0.0,0.0,274.375,32768.0,22.423,27.0
baseline_full_fp16_tp1,1782480192.093009,1,0.0,0.0,274.375,32768.0,22.423,27.0
baseline_full_fp16_tp1,1782480193.0955834,1,0.0,0.0,274.375,32768.0,22.423,27.0
baseline_full_fp16_tp1,1782480194.0985644,1,0.0,0.0,274.375,32768.0,22.423,27.0
baseline_full_fp16_tp1,1782480195.1001725,1,0.0,0.0,274.375,32768.0,22.423,27.0
baseline_full_fp16_tp1,1782480196.102396,1,0.0,0.0,274.375,32768.0,22.423,27.0
baseline_full_fp16_tp1,1782480197.1048238,1,0.0,0.0,274.375,32768.0,22.423,27.0
baseline_full_fp16_tp1,1782480198.1071723,1,0.0,0.0,274.375,32768.0,22.423,27.0
baseline_full_fp16_tp1,1782480199.1092286,1,0.0,0.0,274.375,32768.0,22.423,26.0
baseline_full_fp16_tp1,1782480200.1116571,1,0.0,0.0,274.375,32768.0,22.423,26.0
baseline_full_fp16_tp1,1782480201.1139698,1,0.0,0.0,274.375,32768.0,22.438,26.0
baseline_full_fp16_tp1,1782480202.1163833,1,0.0,0.0,274.375,32768.0,22.438,26.0
baseline_full_fp16_tp1,1782480252.1648438,1,0.0,0.0,274.375,32768.0,22.438,25.0
baseline_full_fp16_tp1,1782480253.16726,1,0.0,0.0,274.375,32768.0,22.408,25.0
baseline_full_fp16_tp1,1782480254.16987,1,0.0,0.0,274.375,32768.0,22.408,25.0
baseline_full_fp16_tp1,1782480255.1730175,1,0.0,0.0,274.375,32768.0,22.408,25.0
baseline_full_fp16_tp1,1782480256.1755,1,0.0,0.0,274.375,32768.0,22.408,25.0
baseline_full_fp16_tp1,1782480257.1813793,1,0.0,0.0,274.375,32768.0,22.408,26.0
baseline_full_fp16_tp1,1782480258.1838186,1,0.0,0.0,274.375,32768.0,22.408,26.0
baseline_full_fp16_tp1,1782480259.186636,1,0.0,0.0,274.375,32768.0,22.408,27.0
baseline_full_fp16_tp1,1782480260.1890206,1,0.0,0.0,274.375,32768.0,22.408,27.0
baseline_full_fp16_tp1,1782480261.1938381,1,0.0,0.0,274.375,32768.0,22.408,27.0
baseline_full_fp16_tp1,1782480262.1977036,1,0.0,0.0,274.375,32768.0,22.408,27.0
baseline_full_fp16_tp1,1782480263.200106,1,0.0,0.0,274.375,32768.0,22.408,27.0
baseline_full_fp16_tp1,1782480264.2025156,1,0.0,0.0,274.375,32768.0,22.408,27.0
baseline_full_fp16_tp1,1782480265.2079587,1,0.0,0.0,274.375,32768.0,22.408,27.0
baseline_full_fp16_tp1,1782480266.2105742,1,0.0,0.0,274.375,32768.0,22.408,27.0
baseline_full_fp16_tp1,1782480267.2129803,1,0.0,0.0,274.375,32768.0,22.408,27.0
baseline_full_fp16_tp1,1782480268.216094,1,0.0,0.0,274.375,32768.0,22.423,27.0
baseline_full_fp16_tp1,1782480269.2182832,1,0.0,0.0,274.375,32768.0,22.408,27.0
baseline_full_fp16_tp1,1782480270.221244,1,0.0,0.0,274.375,32768.0,22.408,27.0
baseline_full_fp16_tp1,1782480271.2228248,1,0.0,0.0,274.375,32768.0,22.423,27.0
baseline_full_fp16_tp1,1782480272.2248816,1,0.0,0.0,274.375,32768.0,22.408,27.0
baseline_full_fp16_tp1,1782480273.2265475,1,0.0,0.0,274.375,32768.0,22.408,27.0
baseline_full_fp16_tp1,1782480274.228301,1,0.0,0.0,274.375,32768.0,22.408,27.0
baseline_full_fp16_tp1,1782480275.2309885,1,0.0,0.0,274.375,32768.0,22.423,27.0
baseline_full_fp16_tp1,1782480276.232739,1,0.0,0.0,274.375,32768.0,22.438,27.0
baseline_full_fp16_tp1,1782480277.234769,1,0.0,0.0,274.375,32768.0,22.408,27.0
baseline_full_fp16_tp1,1782480278.2372727,1,0.0,0.0,274.375,32768.0,22.913,27.0
baseline_full_fp16_tp1,1782480279.2398622,1,0.0,0.0,274.375,32768.0,22.408,28.0
baseline_full_fp16_tp1,1782480280.2415273,1,0.0,0.0,274.375,32768.0,22.408,28.0
baseline_full_fp16_tp1,1782480281.246269,1,0.0,0.0,274.375,32768.0,22.408,28.0
baseline_full_fp16_tp1,1782480282.2488947,1,0.0,0.0,274.375,32768.0,22.408,28.0
baseline_full_fp16_tp1,1782480283.2512887,1,0.0,0.0,274.375,32768.0,22.408,28.0
baseline_full_fp16_tp1,1782480284.2536283,1,0.0,0.0,274.375,32768.0,22.408,28.0
baseline_full_fp16_tp1,1782480285.2558534,1,0.0,0.0,274.375,32768.0,22.438,28.0
baseline_full_fp16_tp1,1782480286.2611017,1,0.0,0.0,274.375,32768.0,22.408,28.0
baseline_full_fp16_tp1,1782480287.2628975,1,0.0,0.0,274.375,32768.0,22.423,28.0
baseline_full_fp16_tp1,1782480288.2653341,1,0.0,0.0,274.375,32768.0,22.408,28.0
baseline_full_fp16_tp1,1782480289.2674427,1,0.0,0.0,274.375,32768.0,22.408,27.0
baseline_full_fp16_tp1,1782480290.2697074,1,0.0,0.0,274.375,32768.0,22.408,27.0
baseline_full_fp16_tp1,1782480291.2719636,1,0.0,0.0,274.375,32768.0,22.408,27.0
baseline_full_fp16_tp1,1782480292.2745526,1,0.0,0.0,274.375,32768.0,22.423,27.0
baseline_full_fp16_tp1,1782480293.2774992,1,0.0,0.0,274.375,32768.0,22.408,27.0
baseline_full_fp16_tp1,1782480294.2812097,1,0.0,0.0,274.375,32768.0,22.408,27.0
baseline_full_fp16_tp1,1782480295.2836854,1,0.0,0.0,274.375,32768.0,22.408,27.0
baseline_full_fp16_tp1,1782480296.2852874,1,0.0,0.0,274.375,32768.0,22.408,27.0
baseline_full_fp16_tp1,1782480297.2875216,1,0.0,0.0,274.375,32768.0,22.408,27.0
baseline_full_fp16_tp1,1782480298.2893682,1,0.0,0.0,274.375,32768.0,22.408,27.0
baseline_full_fp16_tp1,1782480299.2919626,1,0.0,0.0,274.375,32768.0,22.408,27.0
baseline_full_fp16_tp1,1782480300.2941027,1,0.0,0.0,274.375,32768.0,22.408,27.0
baseline_full_fp16_tp1,1782480301.2966757,1,0.0,0.0,274.375,32768.0,22.408,27.0
baseline_full_fp16_tp1,1782480302.298395,1,0.0,0.0,274.375,32768.0,22.423,27.0
baseline_full_fp16_tp1,1782480303.3003156,1,0.0,0.0,274.375,32768.0,22.438,27.0
baseline_full_fp16_tp1,1782480304.3027663,1,0.0,0.0,274.375,32768.0,22.408,27.0
baseline_full_fp16_tp1,1782480305.3052254,1,0.0,0.0,274.375,32768.0,22.408,27.0
baseline_full_fp16_tp1,1782480306.3076599,1,0.0,0.0,274.375,32768.0,22.408,27.0
baseline_full_fp16_tp1,1782480307.3092337,1,0.0,0.0,274.375,32768.0,22.423,27.0
baseline_full_fp16_tp1,1782480308.3109527,1,0.0,0.0,274.375,32768.0,22.423,27.0
baseline_full_fp16_tp1,1782480309.313775,1,0.0,0.0,274.375,32768.0,22.408,26.0
baseline_full_fp16_tp1,1782480310.3191218,1,0.0,0.0,274.375,32768.0,22.408,27.0
baseline_full_fp16_tp1,1782480311.321831,1,0.0,0.0,274.375,32768.0,22.408,27.0
baseline_full_fp16_tp1,1782480312.3238564,1,0.0,0.0,274.375,32768.0,22.408,27.0
baseline_full_fp16_tp1,1782480313.3264868,1,0.0,0.0,274.375,32768.0,22.408,27.0
baseline_full_fp16_tp1,1782480314.3296118,1,0.0,0.0,274.375,32768.0,22.408,27.0
baseline_full_fp16_tp1,1782480315.3316696,1,0.0,0.0,274.375,32768.0,22.438,27.0
baseline_full_fp16_tp1,1782480316.3334966,1,0.0,0.0,274.375,32768.0,22.408,27.0
baseline_full_fp16_tp1,1782480317.3354235,1,0.0,0.0,274.375,32768.0,22.408,27.0
baseline_full_fp16_tp1,1782480318.3376684,1,0.0,0.0,274.375,32768.0,22.423,27.0
baseline_full_fp16_tp1,1782480319.3393137,1,0.0,0.0,274.375,32768.0,22.408,27.0
baseline_full_fp16_tp1,1782480320.341729,1,0.0,0.0,274.375,32768.0,22.408,27.0
baseline_full_fp16_tp1,1782480321.3433702,1,0.0,0.0,274.375,32768.0,22.423,27.0
baseline_full_fp16_tp1,1782480322.3454208,1,0.0,0.0,274.375,32768.0,22.408,27.0
baseline_full_fp16_tp1,1782480323.3472965,1,0.0,0.0,274.375,32768.0,22.408,27.0
baseline_full_fp16_tp1,1782480324.3501222,1,0.0,0.0,274.375,32768.0,22.423,27.0
baseline_full_fp16_tp1,1782480325.353531,1,0.0,0.0,274.375,32768.0,22.423,27.0
baseline_full_fp16_tp1,1782480326.3585343,1,0.0,0.0,274.375,32768.0,22.423,27.0
baseline_full_fp16_tp1,1782480327.3605268,1,0.0,0.0,274.375,32768.0,22.423,27.0
baseline_full_fp16_tp1,1782480328.3626554,1,0.0,0.0,274.375,32768.0,22.408,27.0
baseline_full_fp16_tp1,1782480329.3661447,1,0.0,0.0,274.375,32768.0,22.423,27.0
baseline_full_fp16_tp1,1782480330.369711,1,0.0,0.0,274.375,32768.0,22.423,27.0
baseline_full_fp16_tp1,1782480331.3716512,1,0.0,0.0,274.375,32768.0,22.423,27.0
baseline_full_fp16_tp1,1782480332.3739636,1,0.0,0.0,274.375,32768.0,22.423,27.0
baseline_full_fp16_tp1,1782480333.3755379,1,0.0,0.0,274.375,32768.0,22.423,27.0
baseline_full_fp16_tp1,1782480334.3778646,1,0.0,0.0,274.375,32768.0,22.423,27.0
baseline_full_fp16_tp1,1782480335.3801568,1,0.0,0.0,274.375,32768.0,22.423,27.0
baseline_full_fp16_tp1,1782480336.38274,1,0.0,0.0,274.375,32768.0,22.408,27.0
baseline_full_fp16_tp1,1782480337.3845499,1,0.0,0.0,274.375,32768.0,22.423,27.0
baseline_full_fp16_tp1,1782480338.3865442,1,0.0,0.0,274.375,32768.0,22.423,27.0
baseline_full_fp16_tp1,1782480339.3885584,1,0.0,0.0,274.375,32768.0,22.423,27.0
baseline_full_fp16_tp1,1782480340.3909454,1,0.0,0.0,274.375,32768.0,22.423,27.0
baseline_full_fp16_tp1,1782480341.3926232,1,0.0,0.0,274.375,32768.0,22.408,26.0
baseline_full_fp16_tp1,1782480342.395447,1,0.0,0.0,274.375,32768.0,22.408,26.0
baseline_full_fp16_tp1,1782480343.3975258,1,0.0,0.0,274.375,32768.0,22.423,26.0
baseline_full_fp16_tp1,1782480396.3787727,1,0.0,0.0,274.375,32768.0,22.438,25.0
baseline_full_fp16_tp1,1782480397.3809042,1,0.0,0.0,274.375,32768.0,22.408,25.0
baseline_full_fp16_tp1,1782480398.3824873,1,0.0,0.0,274.375,32768.0,22.408,25.0
baseline_full_fp16_tp1,1782480399.3848252,1,0.0,0.0,274.375,32768.0,22.408,25.0
baseline_full_fp16_tp1,1782480400.3865423,1,0.0,0.0,274.375,32768.0,22.408,26.0
baseline_full_fp16_tp1,1782480401.3923194,1,0.0,0.0,274.375,32768.0,22.408,26.0
baseline_full_fp16_tp1,1782480402.394693,1,0.0,0.0,274.375,32768.0,22.408,26.0
baseline_full_fp16_tp1,1782480403.397278,1,0.0,0.0,274.375,32768.0,22.408,26.0
baseline_full_fp16_tp1,1782480404.4029918,1,0.0,0.0,274.375,32768.0,22.408,27.0
baseline_full_fp16_tp1,1782480405.4046104,1,0.0,0.0,274.375,32768.0,22.408,27.0
baseline_full_fp16_tp1,1782480406.4063747,1,0.0,0.0,274.375,32768.0,22.408,27.0
baseline_full_fp16_tp1,1782480407.4173806,1,0.0,0.0,274.375,32768.0,22.408,27.0
baseline_full_fp16_tp1,1782480408.4297829,1,0.0,0.0,274.375,32768.0,22.408,27.0
baseline_full_fp16_tp1,1782480409.439853,1,0.0,0.0,274.375,32768.0,22.408,27.0
baseline_full_fp16_tp1,1782480410.4426572,1,0.0,0.0,274.375,32768.0,22.423,27.0
baseline_full_fp16_tp1,1782480411.444732,1,0.0,0.0,274.375,32768.0,22.408,27.0
baseline_full_fp16_tp1,1782480412.4466047,1,0.0,0.0,274.375,32768.0,22.408,27.0
baseline_full_fp16_tp1,1782480413.4496055,1,0.0,0.0,274.375,32768.0,22.408,27.0
baseline_full_fp16_tp1,1782480414.4512846,1,0.0,0.0,274.375,32768.0,22.408,27.0
baseline_full_fp16_tp1,1782480415.454442,1,0.0,0.0,274.375,32768.0,22.438,27.0
baseline_full_fp16_tp1,1782480416.456315,1,0.0,0.0,274.375,32768.0,22.408,27.0
baseline_full_fp16_tp1,1782480417.458445,1,0.0,0.0,274.375,32768.0,22.408,27.0
baseline_full_fp16_tp1,1782480418.4606457,1,0.0,0.0,274.375,32768.0,22.423,28.0
baseline_full_fp16_tp1,1782480419.4634855,1,0.0,0.0,274.375,32768.0,22.408,28.0
baseline_full_fp16_tp1,1782480420.4658341,1,0.0,0.0,274.375,32768.0,22.913,28.0
baseline_full_fp16_tp1,1782480421.4677188,1,0.0,0.0,274.375,32768.0,22.438,28.0
baseline_full_fp16_tp1,1782480422.469909,1,0.0,0.0,274.375,32768.0,22.408,28.0
baseline_full_fp16_tp1,1782480423.4722385,1,0.0,0.0,274.375,32768.0,22.408,28.0
baseline_full_fp16_tp1,1782480424.4742668,1,0.0,0.0,274.375,32768.0,22.408,28.0
baseline_full_fp16_tp1,1782480425.476859,1,0.0,0.0,274.375,32768.0,22.408,27.0
baseline_full_fp16_tp1,1782480426.479139,1,0.0,0.0,274.375,32768.0,22.408,28.0
baseline_full_fp16_tp1,1782480427.4828918,1,0.0,0.0,274.375,32768.0,22.408,28.0
baseline_full_fp16_tp1,1782480428.490029,1,0.0,0.0,274.375,32768.0,22.408,28.0
baseline_full_fp16_tp1,1782480429.4947917,1,0.0,0.0,274.375,32768.0,22.423,28.0
baseline_full_fp16_tp1,1782480430.4969103,1,0.0,0.0,274.375,32768.0,22.408,27.0
baseline_full_fp16_tp1,1782480431.4992852,1,0.0,0.0,274.375,32768.0,22.408,27.0
baseline_full_fp16_tp1,1782480432.5009785,1,0.0,0.0,274.375,32768.0,22.438,27.0
baseline_full_fp16_tp1,1782480433.5030625,1,0.0,0.0,274.375,32768.0,22.423,27.0
baseline_full_fp16_tp1,1782480434.5052671,1,0.0,0.0,274.375,32768.0,22.408,27.0
baseline_full_fp16_tp1,1782480435.5076795,1,0.0,0.0,274.375,32768.0,22.438,27.0
baseline_full_fp16_tp1,1782480436.5102444,1,0.0,0.0,274.375,32768.0,22.438,27.0
baseline_full_fp16_tp1,1782480437.5127263,1,0.0,0.0,274.375,32768.0,22.408,27.0
baseline_full_fp16_tp1,1782480438.5145297,1,0.0,0.0,274.375,32768.0,22.408,27.0
baseline_full_fp16_tp1,1782480439.5168684,1,0.0,0.0,274.375,32768.0,22.408,27.0
baseline_full_fp16_tp1,1782480440.5185604,1,0.0,0.0,274.375,32768.0,22.408,27.0
baseline_full_fp16_tp1,1782480441.5204396,1,0.0,0.0,274.375,32768.0,22.408,27.0
baseline_full_fp16_tp1,1782480442.5227757,1,0.0,0.0,274.375,32768.0,22.408,27.0
baseline_full_fp16_tp1,1782480443.5254176,1,0.0,0.0,274.375,32768.0,22.408,27.0
baseline_full_fp16_tp1,1782480444.5280135,1,0.0,0.0,274.375,32768.0,22.423,27.0
baseline_full_fp16_tp1,1782480445.5300746,1,0.0,0.0,274.375,32768.0,22.408,27.0
baseline_full_fp16_tp1,1782480446.5332713,1,0.0,0.0,274.375,32768.0,22.423,27.0
baseline_full_fp16_tp1,1782480447.5354037,1,0.0,0.0,274.375,32768.0,22.423,27.0
baseline_full_fp16_tp1,1782480448.5385706,1,0.0,0.0,274.375,32768.0,22.423,27.0
baseline_full_fp16_tp1,1782480449.5407019,1,0.0,0.0,274.375,32768.0,22.423,27.0
baseline_full_fp16_tp1,1782480450.543745,1,0.0,0.0,274.375,32768.0,22.438,27.0
baseline_full_fp16_tp1,1782480451.5469148,1,0.0,0.0,274.375,32768.0,22.423,27.0
baseline_full_fp16_tp1,1782480452.5486972,1,0.0,0.0,274.375,32768.0,22.408,27.0
baseline_full_fp16_tp1,1782480453.5508983,1,0.0,0.0,274.375,32768.0,22.408,27.0
baseline_full_fp16_tp1,1782480454.5572963,1,0.0,0.0,274.375,32768.0,22.408,27.0
baseline_full_fp16_tp1,1782480455.5636818,1,0.0,0.0,274.375,32768.0,22.408,27.0
baseline_full_fp16_tp1,1782480456.5652995,1,0.0,0.0,274.375,32768.0,22.408,27.0
baseline_full_fp16_tp1,1782480457.567398,1,0.0,0.0,274.375,32768.0,22.408,27.0
baseline_full_fp16_tp1,1782480458.5695326,1,0.0,0.0,274.375,32768.0,22.393,28.0
baseline_full_fp16_tp1,1782480459.5720248,1,0.0,0.0,274.375,32768.0,22.423,28.0
baseline_full_fp16_tp1,1782480460.5741878,1,0.0,0.0,274.375,32768.0,22.408,28.0
baseline_full_fp16_tp1,1782480461.5777552,1,0.0,0.0,274.375,32768.0,22.423,28.0
baseline_full_fp16_tp1,1782480462.579366,1,0.0,0.0,274.375,32768.0,22.423,28.0
baseline_full_fp16_tp1,1782480463.5812464,1,0.0,0.0,274.375,32768.0,22.423,28.0
baseline_full_fp16_tp1,1782480464.5840626,1,0.0,0.0,274.375,32768.0,22.423,28.0
baseline_full_fp16_tp1,1782480465.5867639,1,0.0,0.0,274.375,32768.0,22.882,28.0
baseline_full_fp16_tp1,1782480466.5894222,1,0.0,0.0,274.375,32768.0,22.408,28.0
baseline_full_fp16_tp1,1782480467.5925968,1,0.0,0.0,274.375,32768.0,22.423,27.0
baseline_full_fp16_tp1,1782480468.5961046,1,0.0,0.0,274.375,32768.0,22.408,27.0
baseline_full_fp16_tp1,1782480469.5977387,1,0.0,0.0,274.375,32768.0,22.423,28.0
baseline_full_fp16_tp1,1782480470.6052837,1,0.0,0.0,274.375,32768.0,22.423,28.0
baseline_full_fp16_tp1,1782480471.6077478,1,0.0,0.0,274.375,32768.0,22.423,28.0
baseline_full_fp16_tp1,1782480472.60974,1,0.0,0.0,274.375,32768.0,22.423,27.0
baseline_full_fp16_tp1,1782480473.6119854,1,0.0,0.0,274.375,32768.0,22.423,27.0
baseline_full_fp16_tp1,1782480474.61359,1,0.0,0.0,274.375,32768.0,22.423,27.0
baseline_full_fp16_tp1,1782480475.615538,1,0.0,0.0,274.375,32768.0,22.438,27.0
baseline_full_fp16_tp1,1782480476.617103,1,0.0,0.0,274.375,32768.0,22.423,27.0
baseline_full_fp16_tp1,1782480477.6191728,1,0.0,0.0,274.375,32768.0,22.423,27.0
baseline_full_fp16_tp1,1782480478.621998,1,0.0,0.0,274.375,32768.0,22.423,27.0
baseline_full_fp16_tp1,1782480479.6236095,1,0.0,0.0,274.375,32768.0,22.423,27.0
baseline_full_fp16_tp1,1782480480.6259668,1,0.0,0.0,274.375,32768.0,22.408,26.0
baseline_full_fp16_tp1,1782480481.6294737,1,0.0,0.0,274.375,32768.0,22.423,26.0
baseline_full_fp16_tp1,1782480482.631083,1,0.0,0.0,274.375,32768.0,22.423,26.0
baseline_full_fp16_tp1,1782480483.633382,1,0.0,0.0,274.375,32768.0,22.423,26.0
baseline_full_fp16_tp1,1782480484.6354947,1,0.0,0.0,274.375,32768.0,22.438,26.0
baseline_full_fp16_tp1,1782480485.6372027,1,0.0,0.0,274.375,32768.0,22.423,27.0
baseline_full_fp16_tp1,1782480486.638925,1,0.0,0.0,274.375,32768.0,22.438,27.0
baseline_full_fp16_tp1,1782480537.230061,1,0.0,0.0,274.375,32768.0,22.438,25.0
baseline_full_fp16_tp1,1782480538.2321904,1,0.0,0.0,274.375,32768.0,22.408,25.0
baseline_full_fp16_tp1,1782480539.2339668,1,0.0,0.0,274.375,32768.0,22.423,25.0
baseline_full_fp16_tp1,1782480540.2363677,1,0.0,0.0,274.375,32768.0,22.423,25.0
baseline_full_fp16_tp1,1782480541.2385325,1,0.0,0.0,274.375,32768.0,22.393,25.0
baseline_full_fp16_tp1,1782480542.2400596,1,0.0,0.0,274.375,32768.0,22.423,26.0
baseline_full_fp16_tp1,1782480543.242184,1,0.0,0.0,274.375,32768.0,22.423,26.0
baseline_full_fp16_tp1,1782480544.2439814,1,0.0,0.0,274.375,32768.0,22.438,26.0
baseline_full_fp16_tp1,1782480545.2463365,1,0.0,0.0,274.375,32768.0,22.438,26.0
baseline_full_fp16_tp1,1782480546.2478168,1,0.0,0.0,274.375,32768.0,22.423,26.0
baseline_full_fp16_tp1,1782480547.2495513,1,0.0,0.0,274.375,32768.0,22.408,26.0
baseline_full_fp16_tp1,1782480548.2526143,1,0.0,0.0,274.375,32768.0,22.393,26.0
baseline_full_fp16_tp1,1782480549.2560582,1,0.0,0.0,274.375,32768.0,22.423,26.0
baseline_full_fp16_tp1,1782480550.258097,1,0.0,0.0,274.375,32768.0,22.438,26.0
baseline_full_fp16_tp1,1782480551.2609897,1,0.0,0.0,274.375,32768.0,22.408,26.0
baseline_full_fp16_tp1,1782480552.262688,1,0.0,0.0,274.375,32768.0,22.408,26.0
baseline_full_fp16_tp1,1782480553.2645233,1,0.0,0.0,274.375,32768.0,22.423,27.0
baseline_full_fp16_tp1,1782480554.2678936,1,0.0,0.0,274.375,32768.0,22.408,27.0
baseline_full_fp16_tp1,1782480555.2702777,1,0.0,0.0,274.375,32768.0,22.438,27.0
baseline_full_fp16_tp1,1782480556.2718303,1,0.0,0.0,274.375,32768.0,22.423,27.0
baseline_full_fp16_tp1,1782480557.2736475,1,0.0,0.0,274.375,32768.0,22.408,27.0
baseline_full_fp16_tp1,1782480558.2753768,1,0.0,0.0,274.375,32768.0,22.423,27.0
baseline_full_fp16_tp1,1782480559.2778223,1,0.0,0.0,274.375,32768.0,22.408,27.0
baseline_full_fp16_tp1,1782480560.2811759,1,0.0,0.0,274.375,32768.0,22.408,27.0
baseline_full_fp16_tp1,1782480561.2836952,1,0.0,0.0,274.375,32768.0,22.423,27.0
baseline_full_fp16_tp1,1782480562.2860925,1,0.0,0.0,274.375,32768.0,22.423,27.0
baseline_full_fp16_tp1,1782480563.2885942,1,0.0,0.0,274.375,32768.0,22.408,27.0
baseline_full_fp16_tp1,1782480564.2904272,1,0.0,0.0,274.375,32768.0,22.423,27.0
baseline_full_fp16_tp1,1782480565.2919114,1,0.0,0.0,274.375,32768.0,22.408,27.0
baseline_full_fp16_tp1,1782480566.294008,1,0.0,0.0,274.375,32768.0,22.408,27.0
baseline_full_fp16_tp1,1782480567.2960339,1,0.0,0.0,274.375,32768.0,22.408,27.0
baseline_full_fp16_tp1,1782480568.2984836,1,0.0,0.0,274.375,32768.0,22.408,27.0
baseline_full_fp16_tp1,1782480569.300058,1,0.0,0.0,274.375,32768.0,22.408,27.0
baseline_full_fp16_tp1,1782480570.3031447,1,0.0,0.0,274.375,32768.0,22.423,27.0
baseline_full_fp16_tp1,1782480571.3048708,1,0.0,0.0,274.375,32768.0,22.423,27.0
baseline_full_fp16_tp1,1782480572.3071883,1,0.0,0.0,274.375,32768.0,22.408,27.0
baseline_full_fp16_tp1,1782480573.3096633,1,0.0,0.0,274.375,32768.0,22.408,27.0
baseline_full_fp16_tp1,1782480574.3112102,1,0.0,0.0,274.375,32768.0,22.408,27.0
baseline_full_fp16_tp1,1782480575.313056,1,0.0,0.0,274.375,32768.0,22.423,27.0
baseline_full_fp16_tp1,1782480576.3163235,1,0.0,0.0,274.375,32768.0,22.408,28.0
baseline_full_fp16_tp1,1782480577.3180149,1,0.0,0.0,274.375,32768.0,22.423,28.0
baseline_full_fp16_tp1,1782480578.3198683,1,0.0,0.0,274.375,32768.0,22.408,28.0
baseline_full_fp16_tp1,1782480579.3221438,1,0.0,0.0,274.375,32768.0,22.408,28.0
baseline_full_fp16_tp1,1782480580.3238275,1,0.0,0.0,274.375,32768.0,22.423,28.0
baseline_full_fp16_tp1,1782480581.326381,1,0.0,0.0,274.375,32768.0,22.423,28.0
baseline_full_fp16_tp1,1782480582.3285515,1,0.0,0.0,274.375,32768.0,22.408,28.0
baseline_full_fp16_tp1,1782480583.3305311,1,0.0,0.0,274.375,32768.0,22.423,28.0
baseline_full_fp16_tp1,1782480584.3326855,1,0.0,0.0,274.375,32768.0,22.423,27.0
baseline_full_fp16_tp1,1782480585.334608,1,0.0,0.0,274.375,32768.0,22.408,27.0
baseline_full_fp16_tp1,1782480586.3378527,1,0.0,0.0,274.375,32768.0,22.423,27.0
baseline_full_fp16_tp1,1782480587.340279,1,0.0,0.0,274.375,32768.0,22.423,27.0
baseline_full_fp16_tp1,1782480588.342806,1,0.0,0.0,274.375,32768.0,22.423,27.0
baseline_full_fp16_tp1,1782480589.345052,1,0.0,0.0,274.375,32768.0,22.423,27.0
baseline_full_fp16_tp1,1782480590.3475769,1,0.0,0.0,274.375,32768.0,22.408,27.0
baseline_full_fp16_tp1,1782480591.3496923,1,0.0,0.0,274.375,32768.0,22.423,27.0
baseline_full_fp16_tp1,1782480592.3512928,1,0.0,0.0,274.375,32768.0,22.423,27.0
baseline_full_fp16_tp1,1782480593.3527508,1,0.0,0.0,274.375,32768.0,22.423,27.0
baseline_full_fp16_tp1,1782480594.354607,1,0.0,0.0,274.375,32768.0,22.423,27.0
baseline_full_fp16_tp1,1782480595.3572083,1,0.0,0.0,274.375,32768.0,22.438,27.0
baseline_full_fp16_tp1,1782480596.3592243,1,0.0,0.0,274.375,32768.0,22.423,27.0
baseline_full_fp16_tp1,1782480597.3615632,1,0.0,0.0,274.375,32768.0,22.423,27.0
baseline_full_fp16_tp1,1782480598.3650677,1,0.0,0.0,274.375,32768.0,22.423,27.0
baseline_full_fp16_tp1,1782480599.3680243,1,0.0,0.0,274.375,32768.0,22.423,27.0
baseline_full_fp16_tp1,1782480600.3715909,1,0.0,0.0,274.375,32768.0,22.423,27.0
baseline_full_fp16_tp1,1782480601.3738844,1,0.0,0.0,274.375,32768.0,22.423,27.0
baseline_full_fp16_tp1,1782480602.376378,1,0.0,0.0,274.375,32768.0,22.423,27.0
baseline_full_fp16_tp1,1782480603.3780499,1,0.0,0.0,274.375,32768.0,22.408,27.0
baseline_full_fp16_tp1,1782480604.380014,1,0.0,0.0,274.375,32768.0,22.423,27.0
baseline_full_fp16_tp1,1782480654.2648854,1,0.0,0.0,274.375,32768.0,22.438,25.0
baseline_full_fp16_tp1,1782480655.2667959,1,0.0,0.0,274.375,32768.0,22.423,25.0
baseline_full_fp16_tp1,1782480656.2684658,1,0.0,0.0,274.375,32768.0,22.393,25.0
baseline_full_fp16_tp1,1782480657.2698889,1,0.0,0.0,274.375,32768.0,22.408,25.0
baseline_full_fp16_tp1,1782480658.2761605,1,0.0,0.0,274.375,32768.0,22.408,25.0
baseline_full_fp16_tp1,1782480659.277747,1,0.0,0.0,274.375,32768.0,22.408,26.0
baseline_full_fp16_tp1,1782480660.2805119,1,0.0,0.0,274.375,32768.0,22.438,26.0
baseline_full_fp16_tp1,1782480661.2826087,1,0.0,0.0,274.375,32768.0,22.423,26.0
baseline_full_fp16_tp1,1782480662.2843115,1,0.0,0.0,274.375,32768.0,22.423,26.0
baseline_full_fp16_tp1,1782480663.2921464,1,0.0,0.0,274.375,32768.0,22.408,26.0
baseline_full_fp16_tp1,1782480664.293833,1,0.0,0.0,274.375,32768.0,22.408,26.0
baseline_full_fp16_tp1,1782480665.296215,1,0.0,0.0,274.375,32768.0,22.408,26.0
baseline_full_fp16_tp1,1782480666.2983897,1,0.0,0.0,274.375,32768.0,22.423,27.0
baseline_full_fp16_tp1,1782480667.3008127,1,0.0,0.0,274.375,32768.0,22.423,27.0
baseline_full_fp16_tp1,1782480668.3025267,1,0.0,0.0,274.375,32768.0,22.423,27.0
baseline_full_fp16_tp1,1782480669.3043714,1,0.0,0.0,274.375,32768.0,22.408,27.0
baseline_full_fp16_tp1,1782480670.3068376,1,0.0,0.0,274.375,32768.0,22.423,27.0
baseline_full_fp16_tp1,1782480671.3107066,1,0.0,0.0,274.375,32768.0,22.423,27.0
baseline_full_fp16_tp1,1782480672.3126369,1,0.0,0.0,274.375,32768.0,22.408,27.0
baseline_full_fp16_tp1,1782480673.3142052,1,0.0,0.0,274.375,32768.0,22.408,27.0
baseline_full_fp16_tp1,1782480674.3160603,1,0.0,0.0,274.375,32768.0,22.408,27.0
baseline_full_fp16_tp1,1782480675.3175526,1,0.0,0.0,274.375,32768.0,22.423,27.0
baseline_full_fp16_tp1,1782480676.3195672,1,0.0,0.0,274.375,32768.0,22.408,27.0
baseline_full_fp16_tp1,1782480677.3210573,1,0.0,0.0,274.375,32768.0,22.423,27.0
baseline_full_fp16_tp1,1782480678.3229914,1,0.0,0.0,274.375,32768.0,22.408,27.0
baseline_full_fp16_tp1,1782480679.3247955,1,0.0,0.0,274.375,32768.0,22.423,27.0
baseline_full_fp16_tp1,1782480680.327025,1,0.0,0.0,274.375,32768.0,22.408,27.0
baseline_full_fp16_tp1,1782480681.330108,1,0.0,0.0,274.375,32768.0,22.408,27.0
baseline_full_fp16_tp1,1782480682.3322458,1,0.0,0.0,274.375,32768.0,22.408,27.0
baseline_full_fp16_tp1,1782480683.334139,1,0.0,0.0,274.375,32768.0,22.408,27.0
baseline_full_fp16_tp1,1782480684.3362074,1,0.0,0.0,274.375,32768.0,22.408,27.0
baseline_full_fp16_tp1,1782480685.3402998,1,0.0,0.0,274.375,32768.0,22.408,27.0
baseline_full_fp16_tp1,1782480686.3420963,1,0.0,0.0,274.375,32768.0,22.408,27.0
baseline_full_fp16_tp1,1782480687.3445005,1,0.0,0.0,274.375,32768.0,22.408,27.0
baseline_full_fp16_tp1,1782480688.3474107,1,0.0,0.0,274.375,32768.0,22.408,27.0
baseline_full_fp16_tp1,1782480689.349527,1,0.0,0.0,274.375,32768.0,22.408,27.0
baseline_full_fp16_tp1,1782480690.3514178,1,0.0,0.0,274.375,32768.0,22.438,27.0
baseline_full_fp16_tp1,1782480691.3532913,1,0.0,0.0,274.375,32768.0,22.408,27.0
baseline_full_fp16_tp1,1782480692.3561285,1,0.0,0.0,274.375,32768.0,22.408,27.0
baseline_full_fp16_tp1,1782480693.3578253,1,0.0,0.0,274.375,32768.0,22.408,27.0
baseline_full_fp16_tp1,1782480694.3612385,1,0.0,0.0,274.375,32768.0,22.423,27.0
baseline_full_fp16_tp1,1782480695.3628597,1,0.0,0.0,274.375,32768.0,22.408,27.0
baseline_full_fp16_tp1,1782480696.3646142,1,0.0,0.0,274.375,32768.0,22.423,27.0
baseline_full_fp16_tp1,1782480697.3665125,1,0.0,0.0,274.375,32768.0,22.408,27.0
baseline_full_fp16_tp1,1782480698.3692791,1,0.0,0.0,274.375,32768.0,22.408,27.0
baseline_full_fp16_tp1,1782480699.370991,1,0.0,0.0,274.375,32768.0,22.408,27.0
baseline_full_fp16_tp1,1782480700.3730626,1,0.0,0.0,274.375,32768.0,22.408,27.0
baseline_full_fp16_tp1,1782480701.3765202,1,0.0,0.0,274.375,32768.0,22.423,27.0
baseline_full_fp16_tp1,1782480702.3795145,1,0.0,0.0,274.375,32768.0,22.438,27.0
baseline_full_fp16_tp1,1782480703.3815339,1,0.0,0.0,274.375,32768.0,22.423,27.0
baseline_full_fp16_tp1,1782480704.3836212,1,0.0,0.0,274.375,32768.0,22.408,27.0
baseline_full_fp16_tp1,1782480705.385171,1,0.0,0.0,274.375,32768.0,22.408,27.0
baseline_full_fp16_tp1,1782480706.3876283,1,0.0,0.0,274.375,32768.0,22.423,27.0
baseline_full_fp16_tp1,1782480707.3893795,1,0.0,0.0,274.375,32768.0,22.423,27.0
baseline_full_fp16_tp1,1782480708.3909314,1,0.0,0.0,274.375,32768.0,22.423,27.0
baseline_full_fp16_tp1,1782480709.3928492,1,0.0,0.0,274.375,32768.0,22.408,27.0
baseline_full_fp16_tp1,1782480710.3952549,1,0.0,0.0,274.375,32768.0,22.423,27.0
baseline_full_fp16_tp1,1782480711.3983407,1,0.0,0.0,274.375,32768.0,22.423,27.0
baseline_full_fp16_tp1,1782480712.4006798,1,0.0,0.0,274.375,32768.0,22.423,27.0
baseline_full_fp16_tp1,1782480713.4024916,1,0.0,0.0,274.375,32768.0,22.423,27.0
baseline_full_fp16_tp1,1782480767.3691585,1,0.0,0.0,274.375,32768.0,22.438,25.0
baseline_full_fp16_tp1,1782480768.3708303,1,0.0,0.0,274.375,32768.0,22.408,25.0
baseline_full_fp16_tp1,1782480769.4132285,1,0.0,0.0,274.375,32768.0,22.408,25.0
baseline_full_fp16_tp1,1782480770.4150276,1,0.0,0.0,274.375,32768.0,22.393,25.0
baseline_full_fp16_tp1,1782480771.4191232,1,0.0,0.0,274.375,32768.0,22.408,26.0
baseline_full_fp16_tp1,1782480772.4225655,1,0.0,0.0,274.375,32768.0,22.393,26.0
baseline_full_fp16_tp1,1782480773.4249434,1,0.0,0.0,274.375,32768.0,22.408,26.0
baseline_full_fp16_tp1,1782480774.4271753,1,0.0,0.0,274.375,32768.0,22.408,26.0
baseline_full_fp16_tp1,1782480775.4287684,1,0.0,0.0,274.375,32768.0,22.423,26.0
baseline_full_fp16_tp1,1782480776.4310431,1,0.0,0.0,274.375,32768.0,22.408,26.0
baseline_full_fp16_tp1,1782480777.4334116,1,0.0,0.0,274.375,32768.0,22.423,26.0
baseline_full_fp16_tp1,1782480778.435492,1,0.0,0.0,274.375,32768.0,22.423,26.0
baseline_full_fp16_tp1,1782480779.4371645,1,0.0,0.0,274.375,32768.0,22.408,26.0
baseline_full_fp16_tp1,1782480780.4395993,1,0.0,0.0,274.375,32768.0,22.408,27.0
baseline_full_fp16_tp1,1782480781.4415212,1,0.0,0.0,274.375,32768.0,22.408,27.0
baseline_full_fp16_tp1,1782480782.4440277,1,0.0,0.0,274.375,32768.0,22.408,27.0
baseline_full_fp16_tp1,1782480783.446346,1,0.0,0.0,274.375,32768.0,22.408,27.0
baseline_full_fp16_tp1,1782480784.4485402,1,0.0,0.0,274.375,32768.0,22.423,27.0
baseline_full_fp16_tp1,1782480785.4504056,1,0.0,0.0,274.375,32768.0,22.408,27.0
baseline_full_fp16_tp1,1782480786.4524686,1,0.0,0.0,274.375,32768.0,22.408,27.0
baseline_full_fp16_tp1,1782480787.4549646,1,0.0,0.0,274.375,32768.0,22.408,27.0
baseline_full_fp16_tp1,1782480788.4565659,1,0.0,0.0,274.375,32768.0,22.408,28.0
baseline_full_fp16_tp1,1782480789.4582477,1,0.0,0.0,274.375,32768.0,22.408,28.0
baseline_full_fp16_tp1,1782480790.460373,1,0.0,0.0,274.375,32768.0,22.438,28.0
baseline_full_fp16_tp1,1782480791.462416,1,0.0,0.0,274.375,32768.0,22.423,27.0
baseline_full_fp16_tp1,1782480792.4639566,1,0.0,0.0,274.375,32768.0,22.408,27.0
baseline_full_fp16_tp1,1782480793.4660978,1,0.0,0.0,274.375,32768.0,22.423,27.0
baseline_full_fp16_tp1,1782480794.468946,1,0.0,0.0,274.375,32768.0,22.423,27.0
baseline_full_fp16_tp1,1782480795.471402,1,0.0,0.0,274.375,32768.0,22.423,27.0
baseline_full_fp16_tp1,1782480796.4728725,1,0.0,0.0,274.375,32768.0,22.423,27.0
baseline_full_fp16_tp1,1782480797.4752336,1,0.0,0.0,274.375,32768.0,22.438,27.0
baseline_full_fp16_tp1,1782480798.4786124,1,0.0,0.0,274.375,32768.0,22.423,27.0
baseline_full_fp16_tp1,1782480799.48086,1,0.0,0.0,274.375,32768.0,22.423,27.0
baseline_full_fp16_tp1,1782480800.4826634,1,0.0,0.0,274.375,32768.0,22.423,27.0
baseline_full_fp16_tp1,1782480801.4846997,1,0.0,0.0,274.375,32768.0,22.408,27.0
baseline_full_fp16_tp1,1782480802.486485,1,0.0,0.0,274.375,32768.0,22.423,27.0
baseline_full_fp16_tp1,1782480803.4881716,1,0.0,0.0,274.375,32768.0,22.423,27.0
baseline_full_fp16_tp1,1782480804.4900353,1,0.0,0.0,274.375,32768.0,22.423,27.0
baseline_full_fp16_tp1,1782480805.4919229,1,0.0,0.0,274.375,32768.0,22.423,27.0
baseline_full_fp16_tp1,1782480806.4944434,1,0.0,0.0,274.375,32768.0,22.423,27.0
baseline_full_fp16_tp1,1782480807.4962037,1,0.0,0.0,274.375,32768.0,22.408,27.0
baseline_full_fp16_tp1,1782480808.4981468,1,0.0,0.0,274.375,32768.0,22.423,27.0
baseline_full_fp16_tp1,1782480809.4998043,1,0.0,0.0,274.375,32768.0,22.423,27.0
baseline_full_fp16_tp1,1782480810.50133,1,0.0,0.0,274.375,32768.0,22.423,27.0
baseline_full_fp16_tp1,1782480811.5038266,1,0.0,0.0,274.375,32768.0,22.423,27.0
baseline_full_fp16_tp1,1782480812.5060844,1,0.0,0.0,274.375,32768.0,22.423,27.0
baseline_full_fp16_tp1,1782480813.5081513,1,0.0,0.0,274.375,32768.0,22.423,27.0
baseline_full_fp16_tp1,1782480814.5102763,1,0.0,0.0,274.375,32768.0,22.423,27.0
baseline_full_fp16_tp1,1782480815.5126352,1,0.0,0.0,274.375,32768.0,22.423,27.0
baseline_full_fp16_tp1,1782480816.5151665,1,0.0,0.0,274.375,32768.0,22.423,27.0
baseline_full_fp16_tp1,1782480817.5173795,1,0.0,0.0,274.375,32768.0,22.423,27.0
baseline_full_fp16_tp1,1782480818.5189633,1,0.0,0.0,274.375,32768.0,22.423,27.0
baseline_full_fp16_tp1,1782480819.5208082,1,0.0,0.0,274.375,32768.0,22.423,27.0
baseline_full_fp16_tp1,1782480820.5225976,1,0.0,0.0,274.375,32768.0,22.423,27.0
baseline_full_fp16_tp1,1782480821.5242405,1,0.0,0.0,274.375,32768.0,22.423,27.0
baseline_full_fp16_tp1,1782480822.5269923,1,0.0,0.0,274.375,32768.0,22.423,27.0
baseline_full_fp16_tp1,1782480823.529396,1,0.0,0.0,274.375,32768.0,22.423,27.0
